observation_date,CONSUMER PRICE INDEX FOR ALL URBAN CONSUMERS,FEDERAL FUNDS EFFECTIVE RATE,MARKET YIELD ON US TREASURE SECURITIES,INDUSTRIAL PRODUCTION,AHETPI,MONEY SUPPLY,T10YFFM,PRODUCER PRICE INDEX BY COMMODITY,PAYEMS,CAPACITY UTILIZATION TOTAL INDEX,BOGMBASE
01/01/1968,34.1,4.61,5.53,36.3145,2.94,527.4,0.93,33.8,66804,87.3856,67.7
01/02/1968,34.2,4.71,5.56,36.4446,2.95,530.4,0.85,34,67215,87.352,67.2
01/03/1968,34.3,5.05,5.74,36.5584,2.97,533.2,0.69,34.1,67295,87.2794,67.5
01/04/1968,34.4,5.76,5.64,36.6113,2.99,535.7,-0.12,34.1,67556,87.0627,68
01/05/1968,34.5,6.12,5.87,37.022,3,538.9,-0.24,34.2,67652,87.6951,68.1
01/06/1968,34.7,6.07,5.72,37.158,3.01,542.6,-0.35,34.2,67905,87.6744,68.9
01/07/1968,34.9,6.03,5.5,37.101,3.03,545.6,-0.52,34.3,68126,87.2002,69.7
01/08/1968,35,6.03,5.42,37.2045,3.04,549.4,-0.61,34.2,68330,87.1055,69.9
01/09/1968,35.1,5.78,5.46,37.3454,3.07,553.6,-0.32,34.4,68484,87.0988,70
01/10/1968,35.3,5.91,5.58,37.4196,3.08,557.6,-0.33,34.4,68721,86.9369,70.8
01/11/1968,35.4,5.82,5.7,37.9036,3.1,562.4,-0.12,34.5,68984,87.7249,71.7
01/12/1968,35.6,6.02,6.03,38.0233,3.11,566.8,0.01,34.6,69248,87.6668,73.1
01/01/1969,35.7,6.3,6.04,38.2533,3.12,569.3,-0.26,34.8,69439,87.8712,72.9
01/02/1969,35.8,6.61,6.19,38.4981,3.14,571.9,-0.42,35,69699,88.1166,72
01/03/1969,36.1,6.79,6.3,38.8,3.16,574.4,-0.49,35.2,69905,88.4902,71.8
01/04/1969,36.3,7.41,6.17,38.6573,3.18,575.7,-1.24,35.3,70072,87.8507,72.4
01/05/1969,36.4,8.67,6.32,38.5111,3.19,576.5,-2.35,35.5,70328,87.2081,73.4
01/06/1969,36.6,8.9,6.57,38.8874,3.21,578.5,-2.33,35.7,70636,87.7487,73.5
01/07/1969,36.8,8.61,6.72,39.0927,3.22,579.5,-1.89,35.8,70729,87.9011,73.7
01/08/1969,36.9,9.19,6.69,39.1825,3.24,580.1,-2.5,35.7,71008,87.7936,73.8
01/09/1969,37.1,9.15,7.16,39.1737,3.26,582.1,-1.99,35.8,70914,87.4667,73.8
01/10/1969,37.3,9,7.1,39.1852,3.28,583.4,-1.9,35.9,71121,87.1872,74.4
01/11/1969,37.5,8.85,7.14,38.8158,3.3,585.4,-1.71,36.1,71086,86.0651,75.6
01/12/1969,37.7,8.97,7.65,38.7116,3.31,587.9,-1.32,36.3,71241,85.5368,76.8
01/01/1970,37.9,8.98,7.79,37.9948,3.31,589.6,-1.19,36.5,71176,83.6765,76.4
01/02/1970,38.1,8.98,7.24,37.9698,3.33,586.3,-1.74,36.7,71305,83.3607,75.2
01/03/1970,38.3,7.76,7.07,37.9205,3.36,587.3,-0.69,36.7,71451,82.9935,75.3
01/04/1970,38.5,8.1,7.39,37.823,3.36,588.4,-0.71,36.8,71348,82.5235,76.3
01/05/1970,38.6,7.95,7.91,37.7789,3.37,591.5,-0.03,36.8,71124,82.1724,76.6
01/06/1970,38.8,7.61,7.84,37.6567,3.4,595.2,0.24,36.9,71029,81.6542,76.9
01/07/1970,38.9,7.21,7.46,37.7491,3.41,599.1,0.25,37.1,71053,81.6031,78
01/08/1970,39,6.62,7.53,37.6818,3.44,604.9,0.92,36.9,70937,81.208,78.2
01/09/1970,39.2,6.29,7.39,37.4221,3.45,611.2,1.1,37.1,70944,80.4019,78.7
01/10/1970,39.4,6.2,7.33,36.6735,3.45,616.4,1.13,37.1,70521,78.5535,78.7
01/11/1970,39.6,5.6,6.84,36.4514,3.47,621.1,1.24,37.1,70409,77.8407,79.5
01/12/1970,39.8,4.9,6.39,37.2885,3.5,626.5,1.49,37.1,70792,79.3872,81
01/01/1971,39.9,4.14,6.24,37.5753,3.53,632.9,2.1,37.3,70865,79.7753,81.2
01/02/1971,39.9,3.72,6.11,37.5037,3.55,641,2.39,37.7,70807,79.4216,80.6
01/03/1971,40,3.71,5.7,37.4631,3.56,649.9,1.99,37.8,70860,79.1348,80.8
01/04/1971,40.1,4.16,5.83,37.6735,3.58,658.4,1.68,37.9,71036,79.3783,81.6
01/05/1971,40.3,4.63,6.39,37.8646,3.61,666.7,1.76,38.1,71247,79.5802,82.4
01/06/1971,40.5,4.91,6.52,38.0234,3.62,673,1.61,38.2,71254,79.7132,82.9
01/07/1971,40.6,5.31,6.73,37.9131,3.63,679.6,1.42,38.3,71315,79.2827,84.2
01/08/1971,40.7,5.57,6.58,37.693,3.66,685.5,1.02,38.5,71373,78.6255,84.1
01/09/1971,40.8,5.55,6.14,38.3056,3.67,692.5,0.59,38.3,71614,79.7041,84.4
01/10/1971,40.9,5.2,5.93,38.5924,3.68,698.4,0.73,38.3,71642,80.1009,84.7
01/11/1971,41,4.91,5.81,38.7561,3.7,704.6,0.9,38.3,71847,80.2412,85.5
01/12/1971,41.1,4.14,5.93,39.2035,3.73,710.3,1.79,38.6,72109,80.9666,86.8
01/01/1972,41.2,3.51,5.95,40.1408,3.8,717.7,2.45,38.8,72441,82.6938,87.2
01/02/1972,41.4,3.3,6.08,40.5459,3.82,725.7,2.79,39.2,72648,83.3296,86.1
01/03/1972,41.4,3.83,6.07,40.8263,3.84,733.5,2.24,39.2,72944,83.7028,86.7
01/04/1972,41.5,4.17,6.19,41.2348,3.86,738.4,2.02,39.3,73162,84.3315,87.9
01/05/1972,41.6,4.27,6.13,41.2405,3.88,743.3,1.86,39.5,73469,84.1324,88.5
01/06/1972,41.7,4.46,6.11,41.3497,3.88,749.7,1.65,39.7,73758,84.14,88.9
01/07/1972,41.8,4.55,6.11,41.3035,3.9,759.5,1.56,40,73709,83.8269,90.1
01/08/1972,41.9,4.81,6.21,41.879,3.92,768.7,1.41,40.1,74141,84.7662,90.1
01/09/1972,42.1,4.87,6.55,42.2132,3.94,778.3,1.68,40.2,74264,85.2041,90.2
01/10/1972,42.2,5.05,6.48,42.7494,3.97,786.9,1.44,40.1,74674,86.0358,91.4
01/11/1972,42.4,5.06,6.28,43.2548,3.99,793.9,1.22,40.3,74973,86.7902,90.5
01/12/1972,42.5,5.33,6.36,43.7367,4,802.3,1.03,41.1,75268,87.4839,91.4
01/01/1973,42.7,5.94,6.46,44.0529,4.03,810.3,0.52,41.6,75617,87.8373,91.7
01/02/1973,43,6.58,6.64,44.6827,4.05,814.1,0.06,42.4,76014,88.8026,90.3
01/03/1973,43.4,7.09,6.71,44.7045,4.06,815.3,-0.38,43.4,76284,88.5495,91.1
01/04/1973,43.7,7.12,6.67,44.6387,4.09,819.7,-0.45,43.6,76455,88.12,92.6
01/05/1973,43.9,7.84,6.85,44.9429,4.1,826.8,-0.99,44.5,76648,88.4157,93.1
01/06/1973,44.2,8.49,6.9,45.0035,4.12,833.3,-1.59,45.5,76887,88.2262,93.7
01/07/1973,44.2,10.4,7.13,45.1636,4.15,836.5,-3.27,44.9,76913,88.2329,95.6
01/08/1973,45,10.5,7.4,45.1019,4.16,838.8,-3.1,47.5,77168,87.8096,95.8
01/09/1973,45.2,10.78,7.09,45.4624,4.2,839.3,-3.69,46.7,77276,88.2111,96.2
01/10/1973,45.6,10.01,6.79,45.847,4.21,842.6,-3.22,46.3,77607,88.6604,97.5
01/11/1973,45.9,10.03,6.73,46.0553,4.24,848.9,-3.3,46.5,77920,88.7722,98.3
01/12/1973,46.3,9.95,6.74,45.923,4.25,855.5,-3.21,47.4,78031,88.2372,100.1
01/01/1974,46.8,9.65,6.99,45.6204,4.27,859.7,-2.66,49,78100,87.3838,100.4
01/02/1974,47.3,8.97,6.96,45.4759,4.29,864.2,-2.01,50,78254,86.8467,99.1
01/03/1974,47.8,9.35,7.21,45.4777,4.32,870.1,-2.14,50.6,78296,86.6003,99.6
01/04/1974,48.1,10.51,7.51,45.3451,4.33,872.9,-3,51,78382,86.1121,101.7
01/05/1974,48.6,11.31,7.58,45.7044,4.4,874.6,-3.73,51.8,78549,86.5677,102.8
01/06/1974,49,11.93,7.54,45.6238,4.44,877.8,-4.39,52,78604,86.199,103.6
01/07/1974,49.3,12.92,7.81,45.7221,4.45,881.4,-5.11,54,78636,86.1814,105.1
01/08/1974,49.9,12.01,8.04,45.2366,4.49,884.1,-3.97,55.9,78619,85.0763,105
01/09/1974,50.6,11.34,8.04,45.2365,4.53,887.9,-3.3,55.9,78610,84.8954,105.3
01/10/1974,51,10.06,7.9,45.1133,4.56,893.3,-2.16,56.9,78630,84.4923,105.7
01/11/1974,51.5,9.45,7.68,43.6278,4.57,898.6,-1.77,57.4,78265,81.5562,106.9
01/12/1974,51.9,8.53,7.43,42.0533,4.6,902.1,-1.1,57.3,77652,78.472,108.6
01/01/1975,52.3,7.13,7.5,41.4676,4.61,906.3,0.37,57.4,77293,77.2469,107.7
01/02/1975,52.6,6.24,7.39,40.5165,4.64,914.1,1.15,57.2,76918,75.3499,105.5
01/03/1975,52.8,5.54,7.73,40.0638,4.67,925,2.19,56.9,76648,74.3882,105.7
01/04/1975,53,5.49,8.23,40.1573,4.67,935.1,2.74,57.5,76460,74.4459,106.8
01/05/1975,53.1,5.22,8.06,40.0253,4.69,947.9,2.84,57.9,76624,74.0862,107
01/06/1975,53.5,5.55,7.86,40.2772,4.72,963,2.31,58,76521,74.4361,108.4
01/07/1975,54,6.1,8.06,40.6994,4.74,975.1,1.96,58.7,76770,75.0977,109.5
01/08/1975,54.2,6.14,8.4,41.0998,4.78,983.1,2.26,59,77153,75.713,109.1
01/09/1975,54.6,6.24,8.43,41.6304,4.79,991.5,2.19,59.4,77228,76.5611,109.2
01/10/1975,54.9,5.82,8.14,41.8135,4.82,997.8,2.32,59.8,77540,76.763,109.7
01/11/1975,55.3,5.22,8.05,41.8697,4.86,1006.9,2.83,59.5,77685,76.726,111.1
01/12/1975,55.6,5.2,8,42.4414,4.87,1016.2,2.8,59.7,78017,77.6271,113.1
01/01/1976,55.8,4.87,7.74,43.0012,4.9,1026.6,2.87,59.9,78503,78.498,111.9
01/02/1976,55.9,4.77,7.79,43.4229,4.93,1040.3,3.02,59.9,78816,79.1054,110.6
01/03/1976,56,4.84,7.73,43.5168,4.95,1050,2.89,60,79048,79.1091,111.3
01/04/1976,56.1,4.82,7.56,43.7327,4.98,1060.8,2.74,60.6,79292,79.3299,113.1
01/05/1976,56.4,5.29,7.9,43.9186,5.01,1072.1,2.61,60.8,79312,79.4908,113.6
01/06/1976,56.7,5.48,7.86,43.9637,5.03,1077.6,2.38,61.2,79376,79.3919,114.4
01/07/1976,57,5.31,7.83,44.2141,5.06,1086.3,2.52,61.6,79547,79.6612,115.6
01/08/1976,57.3,5.29,7.77,44.5182,5.11,1098.7,2.48,61.4,79704,80.0235,115.5
01/09/1976,57.6,5.25,7.59,44.6721,5.14,1110.8,2.34,61.8,79892,80.1127,115.6
01/10/1976,57.9,5.02,7.41,44.6585,5.16,1125,2.39,61.9,79911,79.8993,116.6
01/11/1976,58.1,4.95,7.29,45.3392,5.21,1138.2,2.34,62,80240,80.9231,118.3
01/12/1976,58.4,4.65,6.87,45.8294,5.23,1152,2.22,62.5,80448,81.6007,120.3
01/01/1977,58.7,4.61,7.21,45.5087,5.26,1165.2,2.6,62.8,80690,80.8351,119.7
01/02/1977,59.3,4.68,7.39,46.2277,5.3,1177.6,2.71,63.5,80988,81.9059,117.8
01/03/1977,59.6,4.69,7.46,46.8185,5.32,1188.5,2.77,64.1,81391,82.7413,118.7
01/04/1977,60,4.73,7.37,47.2684,5.36,1199.6,2.64,64.9,81728,83.3222,120.6
01/05/1977,60.2,5.35,7.46,47.6411,5.4,1209,2.11,65.2,82088,83.7597,121
01/06/1977,60.5,5.39,7.28,48.0116,5.42,1217.8,1.89,65,82488,84.1859,121.8
01/07/1977,60.8,5.42,7.33,48.073,5.46,1226.7,1.91,65.1,82834,84.0665,124.1
01/08/1977,61.1,5.9,7.4,48.1205,5.48,1237,1.5,65,83075,83.9208,124.2
01/09/1977,61.3,6.14,7.34,48.3189,5.51,1246.2,1.2,65.3,83532,84.0352,124.4
01/10/1977,61.6,6.47,7.52,48.3871,5.55,1254,1.05,65.6,83800,83.9207,125.7
01/11/1977,62,6.51,7.58,48.4761,5.58,1262.4,1.07,65.8,84173,83.8404,127.6
01/12/1977,62.3,6.56,7.69,48.5629,5.61,1270.3,1.13,66.2,84410,83.7565,129.9
01/01/1978,62.7,6.7,7.96,47.8481,5.66,1279.7,1.26,66.8,84594,82.2955,130.2
01/02/1978,63,6.78,8.03,48.1044,5.69,1285.5,1.25,67.5,84948,82.5071,128.7
01/03/1978,63.4,6.79,8.04,49.0265,5.73,1292.2,1.25,68.1,85460,83.8568,129.1
01/04/1978,63.9,6.89,8.15,50.0206,5.79,1300.4,1.26,69,86162,85.3237,131.2
01/05/1978,64.5,7.36,8.35,50.254,5.82,1310.5,0.99,69.5,86509,85.4885,132.3
01/06/1978,65,7.6,8.46,50.5801,5.86,1318.5,0.86,70,86950,85.8087,133.6
01/07/1978,65.5,7.81,8.64,50.5384,5.9,1324.1,0.83,70.4,87204,85.506,135.7
01/08/1978,65.9,8.04,8.41,50.7458,5.92,1333.5,0.37,70.4,87483,85.6255,135.2
01/09/1978,66.5,8.45,8.42,50.8744,5.97,1345,-0.03,71,87621,85.6112,136.2
01/10/1978,67.1,8.96,8.64,51.2559,6.02,1352.3,-0.32,71.8,87956,86.0203,137.6
01/11/1978,67.5,9.76,8.81,51.6514,6.05,1359.1,-0.95,72.1,88391,86.4507,140.7
01/12/1978,67.9,10.03,9.01,51.909,6.1,1366,-1.02,72.7,88671,86.6488,144.7
01/01/1979,68.5,10.07,9.1,51.6278,6.13,1371.6,-0.97,73.8,88808,85.95,144.3
01/02/1979,69.2,10.06,9.1,51.8752,6.18,1377.8,-0.96,74.9,89055,86.1333,141.6
01/03/1979,69.9,10.09,9.12,52.0446,6.22,1387.8,-0.97,75.8,89479,86.1874,142.3
01/04/1979,70.6,10.01,9.18,51.4193,6.21,1402.1,-0.83,76.9,89417,84.9317,144.4
01/05/1979,71.4,10.24,9.25,51.8856,6.27,1410.2,-0.99,77.5,89789,85.4833,144.5
01/06/1979,72.2,10.29,8.91,51.8965,6.32,1423,-1.38,78,90108,85.2867,145.9
01/07/1979,73,10.47,8.95,51.8097,6.36,1434.8,-1.52,79.2,90217,84.9377,148.1
01/08/1979,73.7,10.94,9.03,51.4684,6.4,1446.6,-1.91,79.6,90300,84.182,148.6
01/09/1979,74.4,11.43,9.33,51.4597,6.45,1454.1,-2.1,80.9,90327,83.9792,149.6
01/10/1979,75.2,13.77,10.3,51.8334,6.46,1460.4,-3.47,82.1,90481,84.4068,151.5
01/11/1979,76,13.18,10.65,51.7531,6.51,1465.9,-2.53,82.6,90573,84.1017,153.8
01/12/1979,76.9,13.78,10.39,51.7878,6.56,1473.7,-3.39,83.4,90672,83.991,156.7
01/01/1980,78,13.82,10.8,52.0679,6.57,1482.7,-3.02,85.2,90800,84.2841,156
01/02/1980,79,14.13,12.41,52.082,6.63,1494.6,-1.72,86.9,90883,84.1494,153.9
01/03/1980,80.1,17.19,12.75,51.87,6.69,1499.8,-4.44,87.5,90994,83.6537,155
01/04/1980,80.9,17.61,11.47,50.8397,6.72,1502.2,-6.14,87.8,90849,81.8445,157.9
01/05/1980,81.7,10.98,10.18,49.589,6.76,1512.3,-0.8,88.3,90420,79.6867,157.9
01/06/1980,82.5,9.47,9.78,48.9482,6.82,1529.2,0.31,88.7,90101,78.5118,158.9
01/07/1980,82.6,9.03,10.25,48.6039,6.86,1545.5,1.22,90.3,89840,77.8129,159.9
01/08/1980,83.2,9.61,11.1,48.7563,6.91,1561.5,1.49,91.5,90099,77.9059,158.4
01/09/1980,83.9,10.87,11.51,49.5608,6.95,1574,0.64,91.7,90213,79.0322,159.4
01/10/1980,84.7,12.81,11.75,50.1908,7.02,1584.8,-1.06,92.8,90490,79.8693,160.9
01/11/1980,85.6,15.85,12.68,51.0311,7.09,1595.8,-3.17,93.2,90747,81.0289,162
01/12/1980,86.4,18.9,12.84,51.3708,7.13,1599.8,-6.06,93.8,90943,81.3842,163.4
01/01/1981,87.2,19.08,12.57,51.0415,7.18,1606.9,-6.51,95.2,91033,80.6748,161.1
01/02/1981,88,15.93,13.19,50.824,7.23,1618.7,-2.74,96.1,91105,80.1373,159
01/03/1981,88.6,14.7,13.12,51.0826,7.29,1636.6,-1.58,97,91210,80.3463,159.8
01/04/1981,89.1,15.72,13.68,50.858,7.33,1659.2,-2.04,98,91283,79.7937,162.4
01/05/1981,89.7,18.52,14.1,51.1495,7.37,1664.2,-4.42,98.3,91296,80.0484,163.2
01/06/1981,90.5,19.1,13.47,51.4101,7.41,1670.3,-5.63,98.5,91490,80.2511,163.9
01/07/1981,91.5,19.04,14.28,51.7471,7.45,1681.9,-4.76,99,91601,80.5724,166
01/08/1981,92.2,17.82,14.94,51.6826,7.52,1694.3,-2.88,99,91565,80.271,166.1
01/09/1981,93.1,15.87,15.32,51.4337,7.56,1706,-0.55,98.8,91477,79.688,164.7
01/10/1981,93.4,15.08,15.15,51.0281,7.59,1721.8,0.07,98.9,91380,78.8694,165
01/11/1981,93.8,13.31,13.39,50.435,7.63,1736.1,0.08,98.8,91171,77.7706,167.2
01/12/1981,94.1,12.37,13.72,49.8987,7.64,1755.5,1.35,98.8,90895,76.7706,170.7
01/01/1982,94.4,13.22,14.59,48.8685,7.72,1770.4,1.37,99.7,90565,75.0243,169.8
01/02/1982,94.7,14.78,14.43,49.8636,7.72,1774.5,-0.35,99.8,90563,76.3932,167.5
01/03/1982,94.7,14.68,13.86,49.5323,7.75,1786.5,-0.82,99.6,90434,75.7372,166.2
01/04/1982,95,14.94,13.87,49.075,7.77,1803.9,-1.07,99.6,90150,74.9018,168.7
01/05/1982,95.9,14.45,13.62,48.7483,7.84,1815.4,-0.83,99.8,90107,74.2775,170
01/06/1982,97,14.15,14.3,48.6214,7.85,1826,0.15,100,89865,73.9684,171.7
01/07/1982,97.5,12.59,13.95,48.4616,7.9,1831.5,1.36,100.4,89521,73.6215,173.4
01/08/1982,97.7,10.12,13.06,48.0192,7.94,1845.2,2.94,100.3,89363,72.8586,174
01/09/1982,97.7,10.31,12.34,47.9008,7.94,1858.4,2.03,100,89183,72.5997,173.4
01/10/1982,98.1,9.71,10.91,47.4371,7.96,1869.7,1.2,100.2,88907,71.8294,175
01/11/1982,98,9.2,10.55,47.283,7.98,1883.7,1.35,100.3,88786,71.5396,177.5
01/12/1982,97.7,8.95,10.54,46.9485,8.01,1905.9,1.59,100.5,88771,70.9871,180.7
01/01/1983,97.9,8.68,10.46,47.8234,8.06,1959.4,1.78,100.2,88990,72.2714,178.9
01/02/1983,98,8.51,10.72,47.5233,8.09,1996.8,2.21,100.5,88917,71.7863,177
01/03/1983,98.1,8.77,10.51,47.9244,8.1,2015.2,1.74,100.4,89090,72.366,177.3
01/04/1983,98.8,8.8,10.4,48.5311,8.13,2028.6,1.6,100.4,89364,73.2597,180
01/05/1983,99.2,8.63,10.38,48.8239,8.17,2043.1,1.75,100.8,89644,73.6804,181.4
01/06/1983,99.4,8.98,10.85,49.123,8.19,2053.5,1.87,101,90021,74.1097,183.3
01/07/1983,99.8,9.37,11.38,49.8546,8.22,2064.8,2.01,101.3,90437,75.188,185.3
01/08/1983,100.1,9.56,11.85,50.4443,8.2,2074,2.29,101.8,90129,76.0452,185.4
01/09/1983,100.4,9.45,11.65,51.178,8.27,2083.2,2.2,102,91247,77.1102,184.9
01/10/1983,100.8,9.48,11.54,51.5693,8.31,2099.2,2.06,102.2,91520,77.6485,186.4
01/11/1983,101.1,9.34,11.69,51.7993,8.31,2112.3,2.35,102.1,91875,77.9317,189.1
01/12/1983,101.4,9.47,11.83,52.0594,8.33,2123.5,2.36,102.3,92230,78.248,192.2
01/01/1984,102.1,9.56,11.67,53.0985,8.38,2138.2,2.11,102.9,92673,79.7207,191.3
01/02/1984,102.6,9.59,11.84,53.3318,8.38,2158.2,2.25,103.2,93157,79.9686,186.8
01/03/1984,102.9,9.91,12.32,53.5929,8.41,2175.2,2.41,103.9,93429,80.2444,189.1
01/04/1984,103.3,10.29,12.63,53.91,8.45,2191.7,2.34,104,93792,80.5902,192.2
01/05/1984,103.5,10.32,13.41,54.2026,8.45,2204.1,3.09,104.1,94098,80.8857,192.8
01/06/1984,103.7,11.06,13.56,54.4014,8.48,2215.1,2.5,104,94479,81.0276,195.7
01/07/1984,104.1,11.23,13.36,54.5521,8.51,2223.5,2.13,104.2,94789,81.0869,197.5
01/08/1984,104.4,11.64,12.72,54.6083,8.51,2230.4,1.08,103.8,95032,80.9969,196.7
01/09/1984,104.7,11.3,12.52,54.4466,8.55,2244.4,1.22,103.4,95344,80.5761,197.9
01/10/1984,105.1,9.99,12.16,54.4406,8.55,2258.9,2.17,103.4,95629,80.3793,198.1
01/11/1984,105.3,9.43,11.57,54.624,8.57,2281.4,2.14,103.7,95982,80.4551,200.6
01/12/1984,105.5,8.38,11.5,54.6416,8.61,2306.4,3.12,103.5,96107,80.2819,204.8
01/01/1985,105.7,8.35,11.38,54.6322,8.61,2332.4,3.03,103.4,96372,80.0654,203.2
01/02/1985,106.3,8.5,11.51,54.7825,8.64,2354.1,3.01,103.3,96503,80.0794,200.2
01/03/1985,106.8,8.58,11.86,54.8653,8.66,2366.2,3.28,103.1,96842,79.9936,202.7
01/04/1985,107,8.27,11.43,54.7459,8.69,2375.4,3.16,103.3,97038,79.6154,205.5
01/05/1985,107.2,7.97,10.85,54.8255,8.7,2389.5,2.88,103.5,97312,79.53,206.7
01/06/1985,107.5,7.53,10.16,54.7989,8.74,2412.6,2.63,103.3,97459,79.295,210.2
01/07/1985,107.7,7.88,10.31,54.5396,8.74,2429.5,2.43,103.2,97648,78.7325,212.3
01/08/1985,107.9,7.9,10.33,54.7055,8.76,2444,2.43,102.7,97840,78.7932,212.8
01/09/1985,108.1,7.92,10.37,54.8906,8.8,2456.4,2.45,102.1,98045,78.8917,214.7
01/10/1985,108.5,7.99,10.24,54.7199,8.79,2468,2.25,102.9,98233,78.4909,216
01/11/1985,109,8.05,9.78,54.9124,8.81,2477.8,1.73,103.4,98443,78.624,219.5
01/12/1985,109.5,8.27,9.26,55.4412,8.87,2492.1,0.99,103.6,98609,79.2506,224.7
01/01/1986,109.9,8.14,9.19,55.7481,8.85,2502.1,1.05,103.2,98732,79.5708,221.7
01/02/1986,109.7,7.86,8.7,55.3568,8.88,2512.9,0.84,101.7,98847,78.9079,217.8
01/03/1986,109.1,7.48,7.78,54.9625,8.89,2533.1,0.3,100.3,98934,78.2531,221.4
01/04/1986,108.7,6.99,7.3,55.0413,8.88,2557.8,0.31,99.6,99121,78.2809,225.1
01/05/1986,109,6.85,7.71,55.1226,8.9,2584.8,0.86,100,99248,78.3175,226.4
01/06/1986,109.4,6.92,7.8,54.9005,8.92,2605,0.88,99.9,99155,77.9257,230.1
01/07/1986,109.5,6.56,7.3,55.2592,8.91,2626.6,0.74,99.4,99473,78.3589,233
01/08/1986,109.6,6.17,7.17,55.1567,8.94,2646.5,1,99.3,99588,78.1348,233.2
01/09/1986,110,5.89,7.45,55.2975,8.94,2667.8,1.56,99.4,99934,78.2497,235.1
01/10/1986,110.2,5.85,7.43,55.5332,8.96,2687.4,1.58,99.7,100121,78.4896,237
01/11/1986,110.4,6.04,7.25,55.7557,9.01,2701.3,1.21,99.8,100308,78.7,242
01/12/1986,110.8,6.91,7.11,56.2845,9.01,2728,0.2,99.7,100509,79.3312,248.6
01/01/1987,111.4,6.43,7.08,56.0882,9.02,2743.9,0.65,100.5,100678,78.9302,247
01/02/1987,111.8,6.1,7.25,56.8275,9.05,2747.5,1.15,101,100919,79.832,242.5
01/03/1987,112.2,6.13,7.25,56.9098,9.07,2753.7,1.12,101.2,101164,79.799,244.8
01/04/1987,112.7,6.37,8.02,57.2701,9.08,2767.7,1.65,101.9,101499,80.1481,249.6
01/05/1987,113,6.85,8.61,57.6322,9.11,2772.9,1.76,102.6,101728,80.4929,250.6
01/06/1987,113.5,6.73,8.4,57.9307,9.11,2774.6,1.67,103,101900,80.7451,252.9
01/07/1987,113.8,6.58,8.45,58.3258,9.12,2779,1.87,103.5,102247,81.1334,254.8
01/08/1987,114.3,6.73,8.76,58.7636,9.18,2788.2,2.03,103.8,102420,81.5864,254.6
01/09/1987,114.7,7.22,9.42,58.9951,9.19,2799.5,2.2,103.7,102647,81.762,256.3
01/10/1987,115,7.29,9.52,59.781,9.22,2814.8,2.23,104.1,103138,82.7171,258.1
01/11/1987,115.4,6.69,8.86,60.0726,9.27,2818.9,2.17,104.2,103372,83.0015,262.4
01/12/1987,115.6,6.77,8.99,60.4095,9.28,2826.4,2.22,104.2,103661,83.3639,266.9
01/01/1988,116,6.83,8.67,60.3976,9.29,2847.4,1.84,104.6,103753,83.2612,266.3
01/02/1988,116.2,6.58,8.21,60.7003,9.29,2870.4,1.63,104.8,104214,83.6092,260.7
01/03/1988,116.5,6.58,8.37,60.8501,9.31,2890.7,1.79,104.9,104489,83.7608,263.4
01/04/1988,117.2,6.87,8.72,61.2031,9.36,2910.7,1.85,105.8,104732,84.2045,268.4
01/05/1988,117.5,7.09,9.09,61.0797,9.41,2926,2,106.5,104962,84.0006,268.8
01/06/1988,118,7.51,8.92,61.2569,9.41,2938.4,1.41,107.2,105326,84.2142,273.1
01/07/1988,118.5,7.75,9.06,61.2659,9.45,2947.2,1.31,107.9,105550,84.1973,275.8
01/08/1988,119,8.01,9.26,61.5731,9.46,2952,1.25,108,105674,84.5859,274.8
01/09/1988,119.5,8.19,8.98,61.3807,9.51,2956.9,0.79,108.1,106013,84.2804,275.2
01/10/1988,119.9,8.3,8.8,61.6453,9.56,2965.3,0.5,108.2,106276,84.5914,275.4
01/11/1988,120.3,8.35,8.96,61.7944,9.58,2980.2,0.61,108.3,106617,84.7301,279.2
01/12/1988,120.7,8.76,9.11,62.0743,9.6,2988.2,0.35,109,106898,85.0338,283.8
01/01/1989,121.2,9.12,9.09,62.2574,9.65,2991.7,-0.03,110.5,107161,85.1891,282.2
01/02/1989,121.6,9.36,9.17,61.9819,9.68,2992.2,-0.19,110.8,107427,84.7014,275.3
01/03/1989,122.2,9.85,9.36,62.1369,9.7,2999.7,-0.49,111.5,107621,84.786,278.8
01/04/1989,123.1,9.84,9.18,62.1276,9.75,3006,-0.66,112.3,107791,84.6312,281.6
01/05/1989,123.7,9.81,8.86,61.7744,9.74,3011.6,-0.95,113.2,107913,83.9944,280.6
01/06/1989,124.1,9.53,8.28,61.7697,9.77,3027.9,-1.25,112.9,108027,83.819,283.7
01/07/1989,124.5,9.24,8.02,61.1738,9.83,3052.4,-1.22,112.8,108069,82.8332,285.7
01/08/1989,124.5,8.99,8.11,61.7732,9.83,3074.4,-0.88,112,108120,83.4581,283.9
01/09/1989,124.8,9.02,8.19,61.5796,9.87,3092.5,-0.83,112.4,108369,83.0045,284
01/10/1989,125.4,8.84,8.01,61.4966,9.92,3114.1,-0.83,112.8,108476,82.6969,284.2
01/11/1989,125.9,8.55,7.87,61.7044,9.93,3133.3,-0.68,112.7,108752,82.7778,287.8
01/12/1989,126.3,8.45,7.84,62.0428,9.98,3152.5,-0.61,113,108836,83.0331,294.3
01/01/1990,127.5,8.23,8.21,61.729,10.02,3166.8,-0.02,114.9,109196,82.4179,293.1
01/02/1990,128,8.24,8.47,62.2896,10.07,3179.2,0.23,114.4,109436,82.9732,287.7
01/03/1990,128.6,8.28,8.59,62.5999,10.11,3190.1,0.31,114.2,109640,83.1981,292.4
01/04/1990,128.9,8.26,8.79,62.4359,10.12,3201.6,0.53,114.1,109674,82.8001,297.4
01/05/1990,129.1,8.18,8.76,62.6258,10.16,3200.6,0.58,114.6,109828,82.8798,297.3
01/06/1990,129.9,8.29,8.48,62.8382,10.2,3213.7,0.19,114.3,109850,82.9978,301.7
01/07/1990,130.5,8.15,8.47,62.7284,10.22,3224.5,0.32,114.5,109815,82.7018,303.9
01/08/1990,131.6,8.13,8.75,62.9475,10.24,3242,0.62,116.5,109607,82.8509,305.1
01/09/1990,132.5,8.2,8.89,62.9523,10.27,3254.6,0.69,118.4,109522,82.7293,308
01/10/1990,133.4,8.11,8.72,62.5845,10.3,3259.3,0.61,120.8,109377,82.1303,308.8
01/11/1990,133.7,7.81,8.39,61.7887,10.32,3262.6,0.58,120.1,109222,80.9828,313.7
01/12/1990,134.2,7.31,8.08,61.3352,10.34,3271.8,0.77,118.7,109168,80.2964,315.3
01/01/1991,134.7,6.91,8.09,61.1355,10.37,3287.7,1.18,119,109058,79.9522,309.6
01/02/1991,134.8,6.25,7.85,60.6838,10.39,3304.5,1.6,117.2,108735,79.2872,306.9
01/03/1991,134.8,6.12,8.11,60.3346,10.41,3321.9,1.99,116.2,108568,78.7629,311.1
01/04/1991,135.1,5.91,8.04,60.4938,10.46,3332.4,2.13,116,108350,78.9062,314.1
01/05/1991,135.6,5.78,8.07,61.0633,10.5,3343,2.29,116.5,108253,79.5846,314.3
01/06/1991,136,5.9,8.28,61.5581,10.51,3351.9,2.38,116.4,108330,80.1624,318.1
01/07/1991,136.2,5.82,8.27,61.7305,10.54,3356.1,2.45,116.1,108290,80.3158,320
01/08/1991,136.6,5.66,7.9,61.7298,10.56,3355,2.24,116.2,108300,80.2365,320.1
01/09/1991,137,5.45,7.65,62.2195,10.58,3354.9,2.2,116.1,108335,80.7851,321.8
01/10/1991,137.2,5.21,7.53,62.1855,10.59,3360.1,2.32,116.4,108361,80.6424,323.1
01/11/1991,137.8,4.81,7.42,62.0871,10.61,3365.5,2.61,116.4,108300,80.4053,328.4
01/12/1991,138.2,4.43,7.09,61.7852,10.64,3372.2,2.66,115.9,108330,79.8949,335.4
01/01/1992,138.3,4.03,7.03,61.4616,10.64,3381.2,3,115.6,108365,79.3278,333.1
01/02/1992,138.6,4.06,7.34,61.8955,10.66,3400,3.28,116,108312,79.7329,331.2
01/03/1992,139.1,3.98,7.54,62.4232,10.68,3403.9,3.56,116.1,108367,80.2464,335.6
01/04/1992,139.4,3.73,7.48,62.897,10.72,3399.7,3.75,116.3,108516,80.6802,333.1
01/05/1992,139.7,3.82,7.39,63.104,10.74,3398.6,3.57,117.2,108646,80.764,334.5
01/06/1992,140.1,3.76,7.26,63.1363,10.77,3393.4,3.5,118,108706,80.6204,337.1
01/07/1992,140.5,3.25,6.84,63.7176,10.78,3393.9,3.59,117.9,108793,81.1771,340.4
01/08/1992,140.8,3.3,6.59,63.3613,10.81,3398.8,3.29,117.7,108916,80.5433,342.7
01/09/1992,141.1,3.22,6.42,63.5703,10.83,3410.3,3.2,118,108951,80.6355,346.9
01/10/1992,141.7,3.1,6.59,63.9995,10.85,3423.8,3.49,118.1,109139,81.0138,349.8
01/11/1992,142.1,3.09,6.87,64.2422,10.86,3426.5,3.78,117.8,109283,81.1636,355.9
01/12/1992,142.3,2.92,6.77,64.3507,10.9,3424.7,3.85,117.6,109502,81.1549,361.9
01/01/1993,142.8,3.02,6.6,64.5978,10.93,3419.1,3.58,118,109790,81.3264,360.6
01/02/1993,143.1,3.03,6.26,64.9089,10.95,3414.5,3.23,118.4,110047,81.5884,359.5
01/03/1993,143.3,3.07,5.98,64.8522,10.99,3411.7,2.91,118.7,110004,81.3955,362.7
01/04/1993,143.8,2.96,5.97,65.0301,10.99,3411.3,3.01,119.3,110300,81.5045,368.8
01/05/1993,144.2,3,6.04,64.784,11.01,3436.9,3.04,119.7,110571,81.0851,370.8
01/06/1993,144.3,3.04,5.96,64.9301,11.03,3442.4,2.92,119.5,110742,81.1568,375.8
01/07/1993,144.5,3.06,5.81,65.1052,11.05,3442,2.75,119.2,111054,81.262,379.1
01/08/1993,144.8,3.03,5.68,65.0267,11.07,3445.7,2.65,118.7,111200,81.0442,380.9
01/09/1993,145,3.09,5.36,65.3717,11.09,3452.2,2.27,118.7,111448,81.3448,384.7
01/10/1993,145.6,2.99,5.33,65.8509,11.13,3456.7,2.34,119.1,111734,81.7992,388.2
01/11/1993,146,3.02,5.72,66.1518,11.15,3470.1,2.7,119,111987,82.0178,392
01/12/1993,146.3,2.96,5.77,66.5436,11.18,3474.5,2.81,118.6,112325,82.3349,398.6
01/01/1994,146.3,3.05,5.75,66.7351,11.2,3474.9,2.7,119.1,112601,82.3903,397.8
01/02/1994,146.7,3.25,5.97,66.774,11.25,3475.7,2.72,119.3,112782,82.2437,397.9
01/03/1994,147.1,3.34,6.48,67.4552,11.25,3480.1,3.14,119.7,113245,82.871,400.8
01/04/1994,147.2,3.56,6.97,67.8541,11.27,3481.3,3.41,119.7,113589,83.1358,406.9
01/05/1994,147.5,4.01,7.18,68.1663,11.29,3490.8,3.17,119.9,113922,83.2793,407.1
01/06/1994,147.9,4.25,7.1,68.6265,11.31,3479.5,2.85,120.5,114239,83.5893,411.6
01/07/1994,148.4,4.26,7.3,68.7178,11.34,3488.2,3.04,120.7,114608,83.4406,415
01/08/1994,149,4.47,7.24,69.1785,11.36,3485.7,2.77,121.2,114902,83.7334,415.3
01/09/1994,149.3,4.73,7.46,69.3961,11.39,3486.1,2.73,121,115246,83.7254,416.9
01/10/1994,149.4,4.76,7.74,69.9544,11.42,3484.3,2.98,120.9,115457,84.1216,418.7
01/11/1994,149.8,5.29,7.96,70.4326,11.45,3487.2,2.67,121.5,115867,84.414,423.1
01/12/1994,150.1,5.45,7.81,71.1523,11.48,3486.4,2.36,121.9,116174,84.9892,428.5
01/01/1995,150.5,5.53,7.78,71.2734,11.48,3492.4,2.25,122.9,116505,84.8472,426.2
01/02/1995,150.9,5.92,7.47,71.193,11.53,3489.9,1.55,123.5,116694,84.4634,422.9
01/03/1995,151.2,5.98,7.2,71.3113,11.55,3491.1,1.22,123.9,116908,84.3123,427.7
01/04/1995,151.8,6.05,7.06,71.1882,11.56,3499.2,1.01,124.6,117066,83.8748,433.5
01/05/1995,152.1,6.01,6.63,71.5378,11.59,3524.2,0.62,124.9,117046,83.9876,434
01/06/1995,152.4,6,6.17,71.7749,11.63,3548.9,0.17,125.3,117291,83.9584,434.8
01/07/1995,152.6,5.85,6.28,71.4748,11.67,3567.4,0.43,125.3,117382,83.2944,435.9
01/08/1995,152.9,5.74,6.49,72.4223,11.69,3589,0.75,125.1,117646,84.0724,435.5
01/09/1995,153.1,5.8,6.2,72.7144,11.73,3602.1,0.4,125.2,117873,84.0747,436.3
01/10/1995,153.5,5.76,6.04,72.5866,11.75,3613.4,0.28,125.3,118026,83.58,436.6
01/11/1995,153.7,5.8,5.93,72.7779,11.78,3619.9,0.13,125.4,118165,83.4429,439.1
01/12/1995,153.9,5.6,5.71,73.0305,11.81,3629.5,0.11,125.7,118325,83.3654,445.8
01/01/1996,154.7,5.56,5.65,72.6125,11.86,3647.9,0.09,126.3,118317,82.5158,441.7
01/02/1996,155,5.22,5.81,73.6752,11.87,3661.8,0.59,126.2,118738,83.3451,435.7
01/03/1996,155.5,5.31,6.27,73.585,11.89,3686.9,0.96,126.4,118992,82.8594,440.5
01/04/1996,156.1,5.22,6.51,74.3172,11.96,3697.7,1.29,127.4,119158,83.2941,443.4
01/05/1996,156.4,5.24,6.74,74.8726,11.98,3709.6,1.5,128.1,119497,83.5236,443
01/06/1996,156.7,5.27,6.91,75.4433,12.03,3722.5,1.64,128,119770,83.7665,446.4
01/07/1996,157,5.4,6.87,75.4549,12.05,3737.1,1.47,128,120019,83.3918,449.8
01/08/1996,157.2,5.22,6.64,75.8411,12.09,3744,1.42,128.3,120198,83.4315,450.9
01/09/1996,157.7,5.3,6.83,76.3158,12.13,3753.4,1.53,128.2,120400,83.564,452
01/10/1996,158.2,5.24,6.53,76.3384,12.16,3772.8,1.29,128,120665,83.1973,452.5
01/11/1996,158.7,5.31,6.2,77.0397,12.2,3795.1,0.89,128.2,120947,83.5622,457
01/12/1996,159.1,5.29,6.3,77.5333,12.24,3818.6,1.01,129.1,121143,83.6933,465
01/01/1997,159.4,5.25,6.58,77.6562,12.29,3834.6,1.33,129.7,121356,83.4262,462.5
01/02/1997,159.7,5.19,6.42,78.5833,12.31,3846.3,1.23,128.5,121673,84.0084,459.9
01/03/1997,159.8,5.39,6.69,79.082,12.35,3861.2,1.3,127.3,121991,84.12,462.3
01/04/1997,159.9,5.51,6.89,79.1747,12.39,3877,1.38,127,122289,83.7916,465.5
01/05/1997,159.9,5.5,6.71,79.6133,12.43,3889.2,1.21,127.4,122560,83.8144,467
01/06/1997,160.2,5.56,6.49,79.9792,12.46,3906,0.93,127.2,122816,83.7402,469.8
01/07/1997,160.4,5.52,6.22,80.6624,12.5,3923.9,0.7,126.9,123114,83.978,473.1
01/08/1997,160.8,5.54,6.3,81.4694,12.57,3957.4,0.76,127.2,123087,84.3178,474.3
01/09/1997,161.2,5.54,6.21,82.2156,12.6,3973.1,0.67,127.5,123575,84.5693,475.4
01/10/1997,161.5,5.5,6.03,82.9446,12.66,3992.3,0.53,127.8,123924,84.7793,477.7
01/11/1997,161.7,5.52,5.88,83.5978,12.71,4014.8,0.36,127.9,124225,84.8918,484.6
01/12/1997,161.8,5.5,5.81,83.9538,12.75,4032.9,0.31,126.8,124549,84.692,493.1
01/01/1998,162,5.56,5.54,84.3218,12.79,4056.2,-0.02,125.4,124806,84.4984,491.2
01/02/1998,162,5.51,5.57,84.4583,12.83,4088.9,0.06,125,125017,84.074,488.4
01/03/1998,162,5.49,5.65,84.488,12.87,4114.3,0.16,124.7,125165,83.5488,491
01/04/1998,162.2,5.45,5.64,84.7779,12.92,4140.2,0.19,124.9,125445,83.2923,494.1
01/05/1998,162.6,5.49,5.65,85.3367,12.96,4164.4,0.16,125.1,125845,83.3136,495.2
01/06/1998,162.8,5.56,5.5,84.8248,12.99,4184.1,-0.06,124.8,126076,82.3151,498.1
01/07/1998,163.2,5.54,5.46,84.4986,13,4203.8,-0.08,124.9,126212,81.5396,502.4
01/08/1998,163.4,5.55,5.34,86.248,13.07,4228.7,-0.21,124.2,126546,82.7869,504.9
01/09/1998,163.5,5.51,4.81,86.2021,13.11,4267.7,-0.7,123.8,126744,82.3253,508.6
01/10/1998,163.9,5.07,4.53,86.7914,13.14,4307.9,-0.54,124,126949,82.4879,512.6
01/11/1998,164.1,4.83,4.83,86.7256,13.17,4346.6,0,123.6,127222,82.0403,518.3
01/12/1998,164.4,4.68,4.65,87.1185,13.21,4375.6,-0.03,122.8,127595,82.0415,526.4
01/01/1999,164.7,4.63,4.72,87.4949,13.27,4403,0.09,122.9,127699,82.0391,527.9
01/02/1999,164.7,4.76,5,88.027,13.3,4425.8,0.24,122.3,128117,82.1916,526.4
01/03/1999,164.8,4.81,5.23,88.2267,13.34,4432.6,0.42,122.6,128234,82.0452,531
01/04/1999,165.9,4.74,5.18,88.4295,13.38,4461.4,0.44,123.6,128595,81.9153,535.2
01/05/1999,166,4.74,5.54,88.9886,13.42,4486.1,0.8,124.7,128813,82.124,540.6
01/06/1999,166,4.76,5.9,88.9188,13.47,4508,1.14,125.2,129084,81.7593,544
01/07/1999,166.7,4.99,5.79,89.4333,13.51,4535.4,0.8,125.7,129422,81.9405,548.8
01/08/1999,167.1,5.07,5.94,89.7924,13.53,4552.7,0.87,126.9,129572,81.9786,551.4
01/09/1999,167.8,5.22,5.92,89.4299,13.61,4568.8,0.7,128,129771,81.3642,556.8
01/10/1999,168.1,5.2,6.11,90.523,13.64,4592.7,0.91,127.7,130178,82.0771,564.7
01/11/1999,168.4,5.42,6.03,90.9618,13.66,4611.8,0.61,128.3,130466,82.198,582.8
01/12/1999,168.8,5.3,6.28,91.6634,13.7,4639.3,0.98,127.8,130783,82.5592,612.5
01/01/2000,169.3,5.45,6.66,91.538,13.74,4667.6,1.21,128.3,131011,82.179,601.9
01/02/2000,170,5.73,6.52,91.8239,13.8,4680.9,0.79,129.8,131120,82.1719,578
01/03/2000,171,5.85,6.26,92.1504,13.85,4711.7,0.41,130.8,131604,82.2023,577.1
01/04/2000,170.9,6.02,5.99,92.6989,13.89,4767.8,-0.03,130.7,131884,82.4316,578.6
01/05/2000,171.2,6.27,6.44,92.9499,13.93,4755.7,0.17,131.6,132105,82.3967,580.6
01/06/2000,172.2,6.53,6.1,92.9862,13.98,4773.6,-0.43,133.8,132063,82.1729,582
01/07/2000,172.7,6.54,6.05,92.8048,14.02,4791.3,-0.49,133.7,132228,81.7603,584.2
01/08/2000,172.7,6.5,5.83,92.5521,14.07,4819.5,-0.67,132.9,132234,81.2857,583.4
01/09/2000,173.6,6.52,5.8,92.9792,14.13,4855.2,-0.72,134.7,132337,81.4061,583.8
01/10/2000,173.9,6.51,5.74,92.6179,14.17,4871.3,-0.77,135.4,132352,80.8334,585.3
01/11/2000,174.2,6.51,5.72,92.6438,14.23,4882.7,-0.79,135,132556,80.5963,590.3
01/12/2000,174.6,6.4,5.24,92.3415,14.29,4927.6,-1.16,136.2,132716,80.0735,598.3
01/01/2001,175.6,5.98,5.16,91.902,14.29,4978.3,-0.82,140,132703,79.4332,598.7
01/02/2001,176,5.49,5.1,91.3034,14.36,5017,-0.39,137.4,132788,78.6604,595.9
01/03/2001,176.1,5.31,4.89,91.1162,14.42,5074.8,-0.42,135.9,132751,78.2472,599.1
01/04/2001,176.4,4.8,5.14,90.7891,14.44,5139.1,0.34,136.4,132458,77.7206,601.7
01/05/2001,177.3,4.21,5.39,90.3555,14.5,5137.2,1.18,136.8,132408,77.1128,605.9
01/06/2001,177.7,3.97,5.28,89.8784,14.54,5180.1,1.31,135.5,132300,76.4807,609.1
01/07/2001,177.4,3.77,5.24,89.3028,14.55,5210,1.47,133.4,132172,75.7806,616
01/08/2001,177.4,3.65,4.97,89.2003,14.6,5243.8,1.32,133.4,132021,75.4938,622.4
01/09/2001,178.1,3.07,4.73,88.7485,14.62,5355.1,1.66,133.3,131763,74.9237,647.2
01/10/2001,177.6,2.49,4.57,88.5052,14.66,5343.8,2.08,130.3,131452,74.5431,635.2
01/11/2001,177.5,2.09,4.65,87.97,14.72,5387.5,2.56,129.8,131144,73.9318,639.5
01/12/2001,177.4,1.82,5.09,87.9324,14.74,5440.5,3.27,128.1,130983,73.7552,650.8
01/01/2002,177.7,1.73,5.04,88.5176,14.76,5460.9,3.31,128.5,130859,74.1161,653.8
01/02/2002,178,1.74,4.91,88.5278,14.78,5490.2,3.17,128.4,130737,74.0132,654.6
01/03/2002,178.5,1.73,5.28,89.1686,14.82,5502,3.55,129.8,130722,74.4558,659
01/04/2002,179.3,1.75,5.21,89.604,14.84,5502.1,3.46,130.8,130616,74.7452,663.4
01/05/2002,179.5,1.75,5.16,89.964,14.88,5528.3,3.41,130.8,130632,74.9894,668.6
01/06/2002,179.6,1.75,4.93,90.7061,14.93,5553.3,3.18,130.9,130674,75.569,674
01/07/2002,180,1.73,4.65,90.6769,14.97,5596,2.92,131.2,130584,75.5228,679.3
01/08/2002,180.5,1.74,4.26,90.5762,15.02,5638.3,2.52,131.5,130581,75.4317,679.8
01/09/2002,180.8,1.75,3.87,90.6531,15.05,5662.3,2.12,132.3,130502,75.4995,680.4
01/10/2002,181.2,1.75,3.94,90.4643,15.12,5707.1,2.19,133.2,130617,75.3553,681.9
01/11/2002,181.5,1.34,4.05,90.9711,15.15,5758.1,2.71,133.1,130616,75.8001,688.5
01/12/2002,181.8,1.24,4.03,90.4652,15.2,5779.4,2.79,132.9,130465,75.4073,699.2
01/01/2003,182.6,1.24,4.05,91.2361,15.21,5812.1,2.81,135.3,130573,76.0829,699.3
01/02/2003,183.6,1.26,3.9,91.3445,15.28,5848.2,2.64,137.6,130441,76.2008,701
01/03/2003,183.9,1.25,3.81,91.1044,15.27,5868.4,2.56,141.2,130235,76.0272,705.3
01/04/2003,183.2,1.26,3.96,90.5617,15.28,5905.5,2.7,136.8,130173,75.6028,709.6
01/05/2003,182.9,1.26,3.57,90.537,15.33,5965.3,2.31,136.7,130197,75.6099,713.7
01/06/2003,183.1,1.22,3.33,90.6527,15.36,6002.2,2.11,138,130186,75.7311,715
01/07/2003,183.7,1.01,3.98,91.1185,15.4,6049.1,2.97,137.7,130184,76.1369,717.6
01/08/2003,184.5,1.03,4.45,90.9197,15.42,6107.1,3.42,138,130153,75.9832,720.9
01/09/2003,185.1,1.01,4.27,91.5059,15.42,6079.7,3.26,138.5,130252,76.483,721.1
01/10/2003,184.9,1.01,4.29,91.6186,15.42,6070,3.28,139.3,130439,76.5884,724.8
01/11/2003,185,1,4.3,92.2329,15.46,6075.5,3.3,138.9,130480,77.1135,730.6
01/12/2003,185.5,0.98,4.27,92.2602,15.47,6073.8,3.29,139.5,130589,77.1489,739.4
01/01/2004,186.3,1,4.15,92.4006,15.51,6082.1,3.15,141.4,130756,77.2806,736.4
01/02/2004,186.7,1.01,4.08,92.958,15.53,6121.8,3.07,142.1,130821,77.7639,735.3
01/03/2004,187.1,1,3.83,92.5861,15.56,6157.9,2.83,143.1,131140,77.4721,736.8
01/04/2004,187.4,1,4.35,92.93,15.59,6198.9,3.35,144.8,131412,77.7807,741.2
01/05/2004,188.2,1,4.72,93.6013,15.63,6275.7,3.72,146.8,131697,78.3623,745
01/06/2004,188.9,1.03,4.73,92.871,15.67,6277.9,3.7,147.2,131794,77.7669,750.7
01/07/2004,189.1,1.26,4.5,93.5649,15.69,6291.1,3.24,147.4,131854,78.3594,757.3
01/08/2004,189.2,1.43,4.28,93.6277,15.73,6317.8,2.85,148,131939,78.4167,757.2
01/09/2004,189.8,1.61,4.13,93.7467,15.78,6352.2,2.52,147.7,132089,78.5109,762.2
01/10/2004,190.8,1.76,4.1,94.5465,15.81,6379.8,2.34,150,132429,79.1635,763.9
01/11/2004,191.7,1.93,4.19,94.7813,15.84,6406.3,2.26,151.4,132503,79.3296,770.5
01/12/2004,191.7,2.16,4.23,95.5365,15.86,6424.5,2.07,150.2,132630,79.9179,776.3
01/01/2005,191.6,2.28,4.22,95.8801,15.9,6430.8,1.94,150.9,132781,80.1494,775.2
01/02/2005,192.4,2.5,4.17,96.5761,15.93,6438.9,1.67,151.6,133034,80.6584,772.9
01/03/2005,193.1,2.63,4.5,96.4456,15.97,6448.3,1.87,153.7,133154,80.4638,773.5
01/04/2005,193.7,2.79,4.34,96.6532,16.01,6461.8,1.55,155,133520,80.5421,775.5
01/05/2005,193.6,3,4.14,96.7402,16.04,6479,1.14,154.3,133689,80.5094,776.4
01/06/2005,193.7,3.04,4,97.1753,16.08,6511.7,0.96,154.3,133948,80.7567,780.7
01/07/2005,194.9,3.26,4.18,96.8676,16.15,6543.5,0.92,156.3,134300,80.3802,782.9
01/08/2005,196.1,3.5,4.26,97.1833,16.17,6576.3,0.76,157.6,134502,80.5172,782.7
01/09/2005,198.8,3.62,4.2,95.3005,16.19,6610.1,0.58,162.2,134552,78.8319,787.9
01/10/2005,199.1,3.78,4.46,96.4572,16.28,6643.9,0.68,166.2,134641,79.6607,787.2
01/11/2005,198.1,4,4.54,97.5414,16.3,6660.7,0.54,163.7,134997,80.426,793.5
01/12/2005,198.1,4.16,4.47,98.0452,16.36,6687.8,0.31,163,135159,80.7109,803.1
01/01/2006,199.3,4.29,4.42,98.1999,16.42,6730.1,0.13,164.3,135427,80.7078,804.2
01/02/2006,199.4,4.49,4.57,98.2413,16.48,6754.7,0.08,161.8,135733,80.6111,804.9
01/03/2006,199.7,4.59,4.72,98.4628,16.54,6769.3,0.13,162.2,136038,80.6609,810.1
01/04/2006,200.7,4.79,4.99,98.7618,16.63,6806.9,0.2,164.3,136210,80.7713,809.2
01/05/2006,201.3,4.94,5.11,98.7869,16.65,6813.7,0.17,165.8,136249,80.6521,812.6
01/06/2006,201.8,4.99,5.11,99.0997,16.72,6851.8,0.12,166.1,136337,80.7601,812.4
01/07/2006,202.9,5.24,5.09,99.0489,16.78,6893.6,-0.15,166.8,136529,80.5643,811.5
01/08/2006,203.8,5.25,4.88,99.4836,16.82,6925.1,-0.37,167.9,136692,80.754,809.7
01/09/2006,202.8,5.25,4.72,99.3183,16.87,6952.4,-0.53,165.4,136826,80.4492,810.4
01/10/2006,201.9,5.25,4.73,99.2044,16.93,7001.7,-0.52,162.2,136843,80.1804,809.8
01/11/2006,202,5.25,4.6,99.1627,16.98,7037.2,-0.65,164.6,137060,79.9663,816.8
01/12/2006,203.1,5.24,4.56,100.1735,17.05,7080.1,-0.68,165.6,137249,80.5985,826.7
01/01/2007,203.437,5.25,4.76,99.8346,17.09,7118.3,-0.49,164,137472,80.1452,823
01/02/2007,204.226,5.26,4.72,100.7753,17.16,7134.3,-0.54,166.8,137560,80.7218,820
01/03/2007,205.288,5.26,4.56,100.9547,17.22,7168.2,-0.7,169.3,137784,80.6932,820.9
01/04/2007,205.904,5.25,4.69,101.6334,17.27,7240.7,-0.56,171.4,137847,81.0737,823
01/05/2007,206.755,5.25,4.75,101.7306,17.34,7254.6,-0.5,173.3,137992,81.0044,825.7
01/06/2007,207.234,5.25,5.1,101.7893,17.41,7287.8,-0.15,173.8,138070,80.9238,827.2
01/07/2007,207.603,5.26,5,101.6672,17.46,7318.7,-0.26,175.1,138044,80.7255,828.9
01/08/2007,207.667,5.02,4.67,101.863,17.5,7394.8,-0.35,172.4,138013,80.8082,829.6
01/09/2007,208.547,4.94,4.52,102.0894,17.55,7413,-0.42,173.5,138099,80.9387,827.4
01/10/2007,209.19,4.76,4.53,101.8015,17.58,7428.1,-0.23,174.7,138175,80.6837,829
01/11/2007,210.834,4.49,4.15,102.3446,17.63,7453.6,-0.34,179,138290,81.1065,834.3
01/12/2007,211.445,4.24,4.1,102.3803,17.68,7483.9,-0.14,178.6,138395,81.1425,837.2
01/01/2008,212.174,3.94,3.74,102.2448,17.74,7517.5,-0.2,181,138391,81.0549,830.6
01/02/2008,212.687,2.98,3.74,101.8438,17.8,7604,0.76,182.7,138329,80.7602,829.5
01/03/2008,213.448,2.61,3.51,101.5336,17.87,7670,0.9,187.9,138259,80.5381,833
01/04/2008,213.942,2.28,3.68,100.8785,17.92,7712.5,1.4,190.9,138040,80.0376,830.2
01/05/2008,215.208,1.98,3.88,100.2674,17.98,7725.2,1.9,196.6,137851,79.5579,834.7
01/06/2008,217.463,2,4.1,100.0335,18.04,7743.9,2.1,200.5,137700,79.3571,840.2
01/07/2008,219.016,2.01,4.01,99.676,18.1,7791.2,2,205.5,137497,79.0325,847
01/08/2008,218.69,2,3.89,98.1111,18.18,7805.8,1.89,199,137211,77.7251,847.6
01/09/2008,218.877,1.81,3.69,93.7895,18.2,7872.4,1.88,196.9,136760,74.2216,909.7
01/10/2008,216.995,0.97,3.81,94.7219,18.25,7974.9,2.84,186.4,136291,74.8669,1136.4
01/11/2008,213.153,0.39,3.53,93.4715,18.31,8027,3.14,176.8,135541,73.782,1442.3
01/12/2008,211.398,0.16,2.42,90.8357,18.39,8204.7,2.26,170.9,134847,71.607,1666.4
01/01/2009,211.933,0.15,2.52,88.57,18.39,8289,2.37,171.2,134079,69.7304,1712
01/02/2009,212.705,0.22,2.87,88.031,18.44,8319.3,2.65,169.3,133318,69.2326,1561.7
01/03/2009,212.495,0.18,2.82,86.6528,18.49,8386.4,2.64,168.1,132494,68.0889,1647.3
01/04/2009,212.709,0.15,2.93,85.9344,18.52,8391.1,2.78,169.1,131822,67.4762,1753.2
01/05/2009,213.022,0.18,3.29,85.0665,18.53,8449.2,3.11,170.8,131466,66.7676,1775.1
01/06/2009,214.79,0.21,3.72,84.7459,18.56,8459.3,3.51,174.1,131008,66.5138,1683.7
01/07/2009,214.726,0.16,3.56,85.7027,18.59,8463.5,3.4,172.5,130662,67.29,1673.6
01/08/2009,215.445,0.16,3.59,86.6426,18.67,8463,3.43,175,130472,68.0795,1710.8
01/09/2009,215.861,0.15,3.4,87.4063,18.7,8461.6,3.25,174.1,130246,68.7549,1801.2
01/10/2009,216.509,0.12,3.39,87.6419,18.74,8487.9,3.27,175.2,130061,69.0357,1936.3
01/11/2009,217.234,0.12,3.4,88.0221,18.8,8517,3.28,177.4,130057,69.447,2024.6
01/12/2009,217.347,0.12,3.59,88.3793,18.84,8512.2,3.47,178.1,129808,69.8541,2026.2
01/01/2010,217.488,0.11,3.73,89.3426,18.88,8477.7,3.62,181.9,129802,70.7532,1995
01/02/2010,217.281,0.13,3.69,89.6779,18.91,8527.3,3.56,181,129706,71.1612,2115.2
01/03/2010,217.353,0.16,3.73,90.2928,18.92,8523.5,3.57,183.3,129866,71.7964,2079.6
01/04/2010,217.403,0.2,3.85,90.5991,18.96,8554.8,3.65,184.4,130120,72.1905,2014.4
01/05/2010,217.29,0.2,3.42,91.823,19.01,8609,3.22,184.8,130642,73.3146,2012.3
01/06/2010,217.199,0.18,3.2,91.9928,19.03,8628.1,3.02,183.5,130510,73.5918,2002.4
01/07/2010,217.605,0.18,3.01,92.3421,19.04,8639.5,2.83,184.1,130415,74.0009,1994.3
01/08/2010,217.923,0.19,2.7,92.6805,19.11,8687.9,2.51,184.9,130415,74.3883,1993.7
01/09/2010,218.275,0.19,2.65,92.9537,19.11,8718.7,2.46,184.9,130341,74.7076,1961.2
01/10/2010,219.035,0.19,2.54,92.6903,19.21,8768.4,2.35,186.6,130620,74.58,1961.7
01/11/2010,219.59,0.19,2.76,92.7709,19.21,8789,2.57,187.7,130749,74.7131,1973.1
01/12/2010,220.472,0.18,3.29,93.6787,19.23,8823.2,3.11,189.7,130830,75.4968,2017
01/01/2011,221.187,0.17,3.39,93.4814,19.33,8849,3.22,192.7,130837,75.3741,2047.9
01/02/2011,221.898,0.16,3.58,93.1102,19.31,8913.3,3.42,195.8,131057,75.0928,2211.6
01/03/2011,223.046,0.14,3.41,94.0788,19.3,8971.5,3.27,199.2,131283,75.8747,2395.3
01/04/2011,224.093,0.1,3.46,93.7749,19.36,9035.1,3.36,203.1,131597,75.6127,2496.6
01/05/2011,224.806,0.09,3.17,93.888,19.41,9107.8,3.08,204.1,131703,75.6684,2567.2
01/06/2011,224.806,0.09,3,94.172,19.41,9182.1,2.91,203.9,131931,75.8425,2648.5
01/07/2011,225.395,0.07,3,94.636,19.48,9344.2,2.93,204.6,131992,76.1431,2684.8
01/08/2011,226.106,0.1,2.3,95.2749,19.47,9531,2.2,203.2,132125,76.5667,2657.7
01/09/2011,226.597,0.08,1.98,95.1961,19.49,9551.5,1.9,203.7,132344,76.3992,2637.7
01/10/2011,226.75,0.07,2.15,95.8568,19.56,9584.4,2.08,201.1,132553,76.8123,2637.8
01/11/2011,227.169,0.08,2.01,95.8485,19.56,9636.5,1.93,201.4,132690,76.6783,2605.4
01/12/2011,227.223,0.07,1.98,96.3571,19.57,9683.9,1.91,199.8,132888,76.9495,2619.6
01/01/2012,227.842,0.08,1.97,96.9318,19.59,9757.6,1.89,200.7,133246,77.2652,2640.8
01/02/2012,228.329,0.1,1.97,97.2435,19.58,9809.8,1.87,201.6,133509,77.3673,2694.4
01/03/2012,228.807,0.13,2.17,96.74,19.64,9853.9,2.04,204.2,133748,76.8194,2655.2
01/04/2012,229.187,0.14,2.05,97.4359,19.68,9907.7,1.91,203.7,133825,77.2234,2639.8
01/05/2012,228.713,0.16,1.8,97.6609,19.68,9951.4,1.64,201.9,133932,77.2546,2616.5
01/06/2012,228.524,0.16,1.62,97.6663,19.71,10021.6,1.46,199.8,134013,77.1149,2618.8
01/07/2012,228.59,0.16,1.53,97.8713,19.75,10074.5,1.37,200.1,134157,77.1372,2647.8
01/08/2012,229.918,0.13,1.68,97.4525,19.74,10145.6,1.55,202.7,134339,76.672,2650.7
01/09/2012,231.015,0.14,1.72,97.381,19.79,10226.1,1.58,204.4,134517,76.4846,2594.9
01/10/2012,231.638,0.16,1.75,97.7193,19.79,10292.4,1.59,203.5,134669,76.6227,2611.8
01/11/2012,231.249,0.16,1.65,98.0777,19.84,10361.9,1.49,201.8,134825,76.78,2646.8
01/12/2012,231.221,0.16,1.72,98.3101,19.9,10484.1,1.56,201.5,135074,76.8435,2675.9
01/01/2013,231.679,0.14,1.91,98.3342,19.93,10508.1,1.77,202.5,135257,76.7502,2741.7
01/02/2013,232.937,0.15,1.98,98.7941,19.99,10527.5,1.83,204.3,135546,77.0029,2845.3
01/03/2013,232.282,0.14,1.96,99.1921,20.01,10583.8,1.82,204,135689,77.2135,2935
01/04/2013,231.797,0.15,1.76,99.1065,20.04,10611.3,1.61,203.5,135873,77.0553,3011.7
01/05/2013,231.893,0.11,1.93,99.1839,20.05,10646.1,1.82,204.1,136096,77.0307,3116.9
01/06/2013,232.445,0.09,2.3,99.3897,20.13,10703.3,2.21,204.3,136279,77.1119,3201.5
01/07/2013,232.9,0.09,2.58,99.0814,20.14,10742.8,2.49,204.4,136391,76.8008,3290.9
01/08/2013,233.456,0.08,2.74,99.6543,20.17,10801.2,2.66,204.2,136646,77.1772,3398.9
01/09/2013,233.544,0.08,2.81,100.161,20.23,10862,2.73,203.9,136821,77.5046,3486.9
01/10/2013,233.669,0.09,2.62,100.082,20.25,10986.3,2.53,202.5,137041,77.3802,3589.5
01/11/2013,234.1,0.08,2.72,100.3158,20.31,10995.6,2.64,201.2,137317,77.4988,3684.6
01/12/2013,234.719,0.09,2.9,100.5175,20.34,11060.1,2.81,202,137372,77.5927,3717.5
01/01/2014,235.288,0.07,2.86,100.1599,20.39,11130.8,2.79,203.8,137561,77.254,3728.5
01/02/2014,235.547,0.07,2.71,100.9168,20.51,11196.8,2.64,205.7,137712,77.7747,3833.4
01/03/2014,236.028,0.08,2.72,101.8942,20.5,11232.6,2.64,207,137985,78.4628,3885.9
01/04/2014,236.468,0.09,2.71,101.9928,20.51,11277.7,2.62,208.3,138298,78.4705,3930.7
01/05/2014,236.918,0.09,2.56,102.3836,20.53,11342.8,2.47,208,138513,78.6999,3911.5
01/06/2014,237.231,0.1,2.6,102.735,20.6,11398.1,2.5,208.3,138849,78.8952,3948.7
01/07/2014,237.498,0.09,2.54,102.9632,20.61,11453,2.45,208,139072,78.9933,3989.1
01/08/2014,237.46,0.09,2.42,102.7688,20.66,11477.3,2.33,207,139269,78.7669,4075
01/09/2014,237.477,0.09,2.53,103.0641,20.66,11519.1,2.44,206.4,139563,78.9218,4049.2
01/10/2014,237.43,0.09,2.3,103.0764,20.7,11593.1,2.21,203.4,139798,78.8663,4001.5
01/11/2014,236.983,0.09,2.33,103.7126,20.77,11634.2,2.24,200.9,140089,79.2962,3830.4
01/12/2014,236.252,0.12,2.21,103.7044,20.71,11717.6,2.09,197,140364,79.2419,3934.5
01/01/2015,234.747,0.11,1.88,102.8905,20.8,11805.2,1.77,192,140568,78.5803,4017.1
01/02/2015,235.342,0.11,1.98,102.2335,20.84,11922.8,1.87,191.1,140827,78.055,3840.5
01/03/2015,235.976,0.11,2.04,101.8914,20.91,11920.5,1.93,191.5,140923,77.7804,4030.6
01/04/2015,236.222,0.12,1.94,101.3355,20.92,11954.6,1.82,190.9,141196,77.3487,4059.4
01/05/2015,237.001,0.12,2.2,100.8883,20.98,11982.6,2.08,193.4,141538,77.0092,3949.4
01/06/2015,237.657,0.13,2.36,100.571,21,12023.2,2.23,194.8,141709,76.7774,3919.6
01/07/2015,238.034,0.13,2.32,101.2228,21.03,12067,2.19,193.9,141991,77.2924,3961.2
01/08/2015,238.033,0.14,2.17,101.0367,21.11,12112,2.03,191.9,142125,77.1715,3984
01/09/2015,237.498,0.14,2.17,100.7547,21.09,12173.9,2.03,189.1,142275,76.9791,4028.5
01/10/2015,237.733,0.12,2.07,100.2675,21.19,12225.2,1.95,187.5,142579,76.6282,4060.5
01/11/2015,238.017,0.12,2.26,99.5298,21.21,12317,2.14,185.7,142808,76.0819,4006.7
01/12/2015,237.761,0.24,2.24,99.0417,21.23,12387.9,2,183.5,143077,75.7214,3835.8
01/01/2016,237.652,0.34,2.09,99.5607,21.31,12518.5,1.75,182.6,143210,76.1248,3792.7
01/02/2016,237.336,0.38,1.78,99.0445,21.33,12603.9,1.4,181.3,143406,75.7291,3872.5
01/03/2016,238.08,0.36,1.89,98.3096,21.39,12661.8,1.53,182.1,143662,75.1587,3898.4
01/04/2016,238.992,0.37,1.81,98.6421,21.46,12743.2,1.44,183.2,143854,75.3969,3872.9
01/05/2016,239.557,0.37,1.81,98.4184,21.48,12802,1.44,185.3,143900,75.2034,3836.5
01/06/2016,240.222,0.38,1.64,98.8833,21.52,12852.5,1.26,187.6,144147,75.5298,3825.5
01/07/2016,240.101,0.39,1.5,98.9992,21.58,12911.9,1.11,187.7,144520,75.5839,3772.5
01/08/2016,240.545,0.4,1.56,98.85,21.6,12989.7,1.16,186.6,144661,75.432,3816.7
01/09/2016,241.176,0.4,1.63,98.7457,21.62,13054.9,1.23,186.9,144967,75.3145,3735.9
01/10/2016,241.741,0.4,1.76,98.7611,21.71,13122.8,1.36,186.7,145065,75.2918,3572.1
01/11/2016,242.026,0.41,2.14,98.3491,21.71,13208.7,1.73,186.3,145183,74.9498,3629.8
01/12/2016,242.637,0.54,2.49,99.0214,21.76,13234.9,1.95,188.2,145408,75.4424,3531.6
01/01/2017,243.618,0.65,2.43,98.7611,21.82,13315.7,1.78,190.7,145628,75.2339,3595.5
01/02/2017,244.006,0.66,2.42,98.3646,21.85,13394.8,1.76,191.6,145846,74.9346,3746.4
01/03/2017,243.892,0.79,2.48,99.0137,21.88,13463.6,1.69,191.5,145970,75.4439,3856.3
01/04/2017,244.193,0.9,2.3,100.0224,21.94,13521.7,1.4,193,146175,76.2392,3821.7
01/05/2017,244.004,0.91,2.3,100.1408,21.97,13568.9,1.39,192.8,146380,76.368,3774.4
01/06/2017,244.163,1.04,2.19,100.3471,22.02,13580.5,1.15,193.6,146583,76.5758,3762.8
01/07/2017,244.243,1.15,2.32,100.1068,22.07,13643.1,1.17,193.5,146772,76.4534,3795.4
01/08/2017,245.183,1.16,2.21,99.6925,22.1,13697.7,1.05,193.8,146919,76.2067,3910
01/09/2017,246.435,1.15,2.2,99.7954,22.18,13745.1,1.05,194.8,147008,76.3591,3874.5
01/10/2017,246.626,1.15,2.36,101.0247,22.18,13800.1,1.21,194.9,147149,77.3753,3829.9
01/11/2017,247.284,1.16,2.35,101.2664,22.22,13843.5,1.19,195.9,147372,77.6337,3907.7
01/12/2017,247.805,1.3,2.4,101.4644,22.29,13881.7,1.1,196.3,147523,77.8538,3851
01/01/2018,248.859,1.41,2.58,101.4625,22.36,13900.3,1.17,197.9,147660,77.9138,3824.8
01/02/2018,249.529,1.42,2.86,101.7085,22.41,13949.3,1.44,199.3,148054,78.1508,3855.1
01/03/2018,249.577,1.51,2.84,102.2067,22.49,14012.7,1.33,199.3,148280,78.5697,3800.6
01/04/2018,250.227,1.69,2.87,103.3329,22.55,14035.9,1.18,200.3,148420,79.4597,3727.1
01/05/2018,250.792,1.7,2.98,102.4024,22.6,14092.4,1.28,203.2,148742,78.7526,3674.8
01/06/2018,251.018,1.82,2.91,103.198,22.66,14137.2,1.09,204.2,148960,79.356,3650.5
01/07/2018,251.214,1.91,2.89,103.3646,22.7,14174.6,0.98,204.3,149020,79.4588,3618.3
01/08/2018,251.663,1.91,2.89,104.0327,22.78,14223.2,0.98,203.4,149277,79.9322,3584.5
01/09/2018,252.182,1.95,3,104.1004,22.86,14245.5,1.05,203.6,149358,79.9314,3559.8
01/10/2018,252.772,2.19,3.15,103.9856,22.89,14256.6,0.96,204.6,149527,79.7802,3520.9
01/11/2018,252.594,2.2,3.12,104.0681,23,14282.8,0.92,202.3,149617,79.7722,3476.3
01/12/2018,252.767,2.27,2.83,104.0936,23.11,14386.8,0.56,201,149809,79.7142,3400.7
01/01/2019,252.561,2.4,2.71,103.4021,23.13,14459.7,0.31,199.1,150060,79.1024,3346.9
01/02/2019,253.319,2.4,2.68,102.8371,23.19,14506.3,0.28,199.2,150067,78.5877,3353.5
01/03/2019,254.277,2.41,2.57,102.8757,23.29,14557.5,0.17,200.8,150295,78.5337,3381.5
01/04/2019,255.233,2.42,2.53,102.274,23.33,14594.7,0.11,202.1,150591,77.9898,3286.7
01/05/2019,255.296,2.39,2.4,102.392,23.4,14704.4,0.01,201.7,150618,77.9962,3244.5
01/06/2019,255.213,2.38,2.07,102.4375,23.48,14802.8,-0.31,200.3,150838,77.9493,3274.8
01/07/2019,255.802,2.4,2.06,101.9408,23.53,14886.8,-0.34,200.7,150937,77.4935,3260.3
01/08/2019,256.036,2.13,1.63,102.639,23.61,14974.4,-0.49,199.2,151169,77.9497,3271.4
01/09/2019,256.43,2.04,1.7,102.2917,23.68,15047,-0.35,198.4,151365,77.6205,3202.7
01/10/2019,257.155,1.83,1.71,101.4281,23.75,15184.1,-0.12,198.6,151460,76.9099,3252.8
01/11/2019,257.879,1.55,1.81,101.9372,23.83,15296,0.26,199,151667,77.252,3315.6
01/12/2019,258.63,1.55,1.86,101.7003,23.85,15347.5,0.31,199,151794,77.0416,3426.5
01/01/2020,259.127,1.55,1.76,101.0338,23.91,15427.1,0.21,199.3,152031,76.519,3442.6
01/02/2020,259.25,1.58,1.5,101.3735,24.03,15493.4,-0.08,196.7,152293,76.7764,3454.5
01/03/2020,258.076,0.65,0.87,97.4078,24.12,16033,0.24,193.1,150895,73.7887,3883.1
01/04/2020,256.032,0.05,0.66,84.5619,25.14,17065.3,0.61,185.5,130426,64.0847,4844.9
01/05/2020,255.802,0.05,0.67,85.9604,24.98,17932.9,0.62,188.6,133040,65.1874,5149.4
01/06/2020,257.042,0.08,0.73,91.5934,24.78,18184.3,0.65,191.2,137671,69.5218,5001.8
01/07/2020,258.352,0.09,0.62,95.0256,24.69,18335.4,0.53,193,139255,72.2103,4700.3
01/08/2020,259.316,0.1,0.65,95.9549,24.8,18411.2,0.56,194.3,140821,73.0192,4807.4
01/09/2020,259.997,0.09,0.68,95.9669,24.82,18602.5,0.59,195.5,141770,73.1451,4880.3
01/10/2020,260.319,0.09,0.79,96.7394,24.84,18757.6,0.7,196.5,142460,73.8636,4917.1
01/11/2020,260.911,0.09,0.87,97.0816,24.94,18997,0.78,198.3,142733,74.2637,5093
01/12/2020,262.045,0.09,0.93,98.363,25.16,19115.7,0.84,200.5,142548,75.3903,5206.5
01/01/2021,262.687,0.09,1.08,98.8822,25.16,19379,0.99,204.8,142863,75.9401,5248
01/02/2021,263.579,0.08,1.26,95.6149,25.25,19641.8,1.18,210.6,143380,73.5725,5446.8
01/03/2021,264.961,0.07,1.61,98.3856,25.33,19873.2,1.54,215,144232,75.8472,5839
01/04/2021,266.614,0.07,1.64,98.5587,25.52,20175.4,1.56,217.9,144587,76.1216,6042.1
01/05/2021,268.383,0.06,1.62,99.4333,25.68,20459,1.56,224.9,145065,76.931,6041.9
01/06/2021,270.654,0.08,1.52,99.7987,25.82,20477.1,1.44,228.9,145820,77.3367,6027
01/07/2021,271.903,0.1,1.32,100.2519,25.97,20633.3,1.22,231.85,146762,77.7972,6130.2
01/08/2021,272.676,0.09,1.28,100.0437,26.12,20840.7,1.19,233.415,147314,77.7308,6328.7
01/09/2021,273.91,0.08,1.37,98.8579,26.3,20981,1.29,235.678,147771,76.8871,6388.8
01/10/2021,276.55,0.08,1.58,100.1861,26.45,21160.7,1.5,240.465,148572,77.9838,6330.9
01/11/2021,278.919,0.08,1.56,100.8654,26.56,21335.9,1.48,243.287,149230,78.562,6394.7
01/12/2021,280.845,0.08,1.47,100.5726,26.76,21498.8,1.38,241.338,149816,78.3687,6413.1
01/01/2022,282.543,0.08,1.76,100.1856,26.91,21650,1.68,246.453,150006,78.088,6103.9
01/02/2022,284.5,0.08,1.93,100.8064,26.97,21724.8,1.85,252.66,150825,78.5777,6039.9
01/03/2022,287.674,0.2,2.13,101.3907,27.1,21786.8,1.93,260.014,151315,79.0253,6134.3
01/04/2022,288.561,0.33,2.75,101.44,27.28,21769.5,2.42,265.31,151623,79.0418,5885
01/05/2022,291.298,0.77,2.9,101.3335,27.4,21719.5,2.14,273.251,151924,78.9224,5591.3
01/06/2022,294.957,1.21,3.14,101.018,27.52,21651.2,1.95,280.251,152358,78.6259,5506.3
01/07/2022,294.913,1.68,2.9,101.223,27.66,21652.8,1.25,272.274,153072,78.7204,5536.9
01/08/2022,295.097,2.33,2.9,101.0963,27.75,21638.2,0.57,269.546,153362,78.5438,5582
01/09/2022,296.349,2.56,3.52,101.2918,27.87,21536.5,0.94,267.898,153582,78.6087,5411.1
01/10/2022,298.007,3.08,3.98,101.2529,27.99,21461.5,0.9,265.061,153939,78.4843,5340.3
01/11/2022,298.786,3.78,3.89,100.9552,28.11,21406.5,0.14,263.157,154242,78.1544,5419.4
01/12/2022,298.832,4.1,3.62,99.7664,28.22,21291,-0.47,257.897,154342,77.1334,5406
01/01/2023,300.42,4.33,3.53,100.505,28.31,21279.4,-0.8,260.227,154776,77.601,5329
01/02/2023,301.45,4.57,3.75,100.6416,28.42,21242.9,-0.82,258.669,155066,77.6078,5321.6
01/03/2023,301.821,4.65,3.66,101.0205,28.56,20946.8,-0.99,257.062,155134,77.8036,5571.5
01/04/2023,302.845,4.83,3.46,101.253,28.7,20761.4,-1.37,256.908,155375,77.888,5593.1
01/05/2023,303.334,5.06,3.57,100.9286,28.78,20829.6,-1.48,253.67,155655,77.5496,5569.6
01/06/2023,304.014,5.08,3.75,100.1196,28.89,20799.3,-1.33,253.86,155880,76.8467,5608.5
01/07/2023,304.609,5.12,3.9,100.9067,29.01,20791.2,-1.22,253.835,156043,77.3773,5517.8
01/08/2023,306.082,5.33,4.17,100.8393,29.06,20777.2,-1.16,257.68,156261,77.2588,5559
01/09/2023,307.276,5.33,4.38,101.0211,29.18,20747.8,-0.95,258.934,156417,77.3375,5567.2
01/10/2023,307.696,5.33,4.8,100.4689,29.26,20732.9,-0.53,255.192,156576,76.859,5601.2
01/11/2023,308.148,5.33,4.5,100.8639,29.37,20746.5,-0.83,252.856,156703,77.1081,5731.3
01/12/2023,308.741,5.33,4.02,100.6031,29.47,20777.9,-1.31,249.866,156857,76.858,5827.2
01/01/2024,309.698,5.33,4.06,99.2223,29.61,20843.9,-1.27,251.306,157032,75.7542,5843.3
01/02/2024,310.967,5.33,4.21,100.285,29.66,20927.4,-1.12,254.926,157238,76.5157,5896.4
01/03/2024,312.345,5.33,4.21,100.4575,29.78,20973.9,-1.12,255.095,157466,76.5964,5882.5
01/04/2024,313.023,5.33,4.54,100.2434,29.85,20959.7,-0.79,256.978,157530,76.3803,5774.7
01/05/2024,313.175,5.33,4.48,100.863,29.97,21020.6,-0.85,255.313,157608,76.7961,5724.6
01/06/2024,313.044,5.33,4.31,100.894,30.07,21068.4,-1.02,255.914,157695,76.7586,5731.4
01/07/2024,313.569,5.33,4.25,99.9757,30.16,21095.3,-1.08,257.321,157748,75.9946,5653.3
01/08/2024,314.062,5.33,3.87,100.4309,30.27,21186.8,-1.46,255.463,157757,76.2697,5669.6
01/09/2024,314.732,5.13,3.72,99.8084,30.39,21269.5,-1.41,252.682,157912,75.7216,5587.8
01/10/2024,315.631,4.83,4.1,99.4695,30.48,21331.9,-0.73,253.081,157945,75.3852,5566.6
01/11/2024,316.528,4.64,4.36,99.2925,30.56,21452.2,-0.29,253.211,158079,75.1681,5615.9
01/12/2024,317.604,4.48,4.39,100.3273,30.66,21485.9,-0.09,253.423,158316,75.8651,5603.5
01/01/2025,318.961,4.33,4.63,100.0647,30.79,21548.1,0.3,257.36,158268,75.5781,5613.5
01/02/2025,319.679,4.33,4.45,101.0993,30.89,21613.5,0.12,259.498,158310,76.2685,5613.3
01/03/2025,319.785,4.33,4.28,101.0404,31.02,21693.6,-0.05,258.525,158377,76.1318,5774.8
01/04/2025,320.302,4.33,4.28,101.1279,31.09,21775.6,-0.05,258.392,158485,76.1048,5732.4
01/05/2025,320.62,4.33,4.42,100.9655,31.2,21833.9,0.09,258.678,158498,75.8894,5648.1
01/06/2025,321.435,4.33,4.38,101.4785,31.31,21938.8,0.05,260.491,158478,76.181,5748.2
01/07/2025,322.169,4.33,4.39,101.894,31.39,22020,0.06,262.358,158542,76.3997,5740
01/08/2025,323.291,4.33,4.26,101.6247,31.49,22087,-0.07,262.11,158472,76.1055,5686.1
01/09/2025,324.245,4.22,4.12,101.668,31.56,22170.3,-0.11,262.054,158548,76.0461,5478
01/10/2025,,4.09,4.06,101.2195,31.7,22245.1,-0.02,260.591,158408,75.6194,5361.8
01/11/2025,325.063,3.88,4.09,101.081,31.79,22277.5,0.21,261.914,158449,75.4249,5302.1
01/12/2025,326.031,3.72,4.14,101.6113,31.83,22353.6,0.41,261.349,158432,75.7296,5373.7
01/01/2026,326.588,3.64,4.21,101.5954,31.94,22429.3,0.57,263.485,158592,75.6564,5402.4
01/02/2026,327.46,3.64,4.13,102.344,32.04,22627.3,0.49,269.296,158436,76.1407,5388
01/03/2026,330.293,3.64,4.25,101.7898,32.12,22686,0.61,274.102,158621,75.6596,5458.6